,song,artist,text
0,MotorSport,"Migos, Nicki Minaj & Cardi B","""MotorSport"" by Migos, Nicki Minaj & Cardi B:
    [Intro: Quavo]
    Yeah, woo, yeah, skrrt
    M-M-M-Murda
    
    [Chorus: Quavo]
    Motorsport, yeah, put that thing ..."
1,The Way Life Goes,Lil Uzi Vert Featuring Nicki Minaj,"""The Way Life Goes (Remix)"" by Lil Uzi Vert:
    [Pre-Chorus: Lil Uzi Vert & Nicki Minaj]
    That's true, that's right (Uzi)
    She sippin' Moet, and yeah ..."
2,...Ready For It?,Taylor Swift,"""...Ready for It?"" by Taylor Swift:
    [Verse 1]
    Knew he was a killer first time that I saw him
    Wondered how many girls he had loved and le..."
3,Bad At Love,Halsey,"""Bad at Love"" by Halsey:
    [Verse 1]
    Got a boy back home in Michigan
    And he tastes like Jack when I'm kissing him
    So I told him..."
4,Let You Down,NF,"""Let You Down"" by NF:
    [Chorus]
    Feels like we're on the edge right now
    I wish that I could say I'm proud
    I'm sorry that I l..."
5,Perfect,Ed Sheeran,"""Perfect"" by Ed Sheeran:
    [Verse 1]
    I found a love for me
    Oh darling, just dive right in and follow my lead
    Well, I found a gi..."
6,Attention,Charlie Puth,"""Attention"" by Charlie Puth:
    [Intro]
    Woah-oah, hm-hmm
    
    [Verse 1]
    You've been runnin' 'round, runnin' 'round, runnin' 'round
    Throw..."
7,Humble.,Kendrick Lamar,"""HUMBLE."" by Kendrick Lamar:
    [Intro]
    Nobody pray for me
    It's been that day for me
    Waaaaay (Yeah, yeah!)
    
    [Verse 1]
    Ayy, I remembe..."
8,Sorry Not Sorry,Demi Lovato,"""Sorry Not Sorry"" by Demi Lovato:
    [Intro]
    Payback is a bad bitch
    And baby, I'm the baddest
    (I'm the baddest, I'm the baddest...)
    Go
    
    [..."
9,Bodak Yellow (Money Moves),Cardi B,"""Young, Dumb & Broke, Bank Account, & Bodak Yellow Mashup"" by Alex Aiono:
    Young Dumb & Broke by Khalid
    
    [Alex & Jamie]
    Young dumb
    Young, young dumb and broke
    Young dumb
    Young..."
10,Believer,Imagine Dragons,"""Believer"" by Imagine Dragons:
    [Verse 1]
    First things first
    I'ma say all the words inside my head
    I'm fired up and tired of the way..."
11,What About Us,P!nk,"""What About Us"" by P!nk:
    [Intro]
    La-da-da-da-da, la-da-da-da-da
    Da-da-da
    
    [Verse 1]
    We are searchlights, we can see in the da..."
12,Rockstar,Post Malone Featuring 21 Savage,"""Post Malone – rockstar (feat. 21 Savage) [Deutsche Übersetzung]"" by Genius Deutsche Übersetzungen:
    [Intro]
    Hahahahaha
    Tank God
    
    [Chorus: Post Malone]
    Ja, ich habe Schlampen gefickt und Pillen geschlu..."
13,Ric Flair Drip,Offset & Metro Boomin,"""Ric Flair Drip"" by Offset & Metro Boomin:
    [Intro]
    (Bijan 4 The 1 Time)
    Metro Boomin want some more, nigga! (Hey)
    
    [Chorus]
    Going to the jewele..."
14,I Fall Apart,Post Malone,"""I Fall Apart"" by Post Malone:
    [Intro]
    Oooh, I fall apart
    Oooh, yeah, mmhmm, yeah
    
    [Verse 1]
    She told me that I'm not enough (Yeah)..."
15,Rockin' Around The Christmas Tree,Brenda Lee,"""Rockin’ Around the Christmas Tree"" by Brenda Lee:
    [Chorus]
    Rockin' around the Christmas Tree
    At the Christmas party hop
    Mistletoe hung where you can s..."
16,What Lovers Do,Maroon 5 Featuring SZA,"""What Lovers Do (with SZA) (Sharper Remix)"" by Sharper, Maroon 5, SZA:
    [Intro: Sharper]
    Sharper, SZA & Maroon 5
    What Lovers Do
    
    [Verse 1: Adam Levine & Sharper]
    Say say sa..."
17,New Rules,Dua Lipa,"""New Rules"" by Dua Lipa:
    [Intro]
    One, one, one, one, one
    
    [Verse 1]
    Talkin' in my sleep at night, makin' myself crazy
    (Out of..."
18,Pills And Automobiles,"Chris Brown Featuring Yo Gotti, A Boogie Wit da Hoodie & Kodak Black","""Pills & Automobiles"" by Chris Brown:
    [Intro: Chris Brown]
    Oww!
    
    [Chorus: Chris Brown]
    Wet, wet, wet, wet
    Wet, wet, wet, wet
    Wet, wet, wet..."
19,Meant To Be,Bebe Rexha & Florida Georgia Line,"""Meant to Be"" by Bebe Rexha:
    [Verse 1: Florida Georgia Line]
    Baby, lay on back and relax
    Kick your pretty feet up on my dash
    No n..."
20,Havana,Camila Cabello Featuring Young Thug,"""Havana"" by Camila Cabello:
    [Intro: Pharrell Williams]
    Hey
    
    [Chorus: Camila Cabello & Pharrell Williams]
    Havana, ooh na-na (ayy)..."
21,It's The Most Wonderful Time Of The Year,Andy Williams,"""It’s the Most Wonderful Time of the Year"" by Andy Williams:
    [Chorus]
    It's the most wonderful time of the year
    With the kids jingle belling
    And everyone telling ..."
22,Bank Account,21 Savage,"""Bank Account"" by 21 Savage:
    [Intro]
    Ooh, ooh, ooh, ow, ow, ow
    Wow, wow, ow, ah, ow, ah, ah, ah
    
    [Verse 1]
    I buy a new car for th..."
23,The Weekend,SZA,"""The Weekend"" by SZA:
    [Verse 1]
    You say you got a girl
    Yeah, how you want me?
    How you want me when you got a girl?
    The fee..."
24,Mi Gente,J Balvin & Willy William Featuring Beyonce,"""Mi Gente (Beyoncé Remix)"" by J Balvin & Willy William:
    [Letra de ""Mi Gente"" (Remix) ft. Beyoncé]
    
    [Verso 1: J Balvin & Beyoncé]
    Si el ritmo te lleva a move..."
25,Tell Me You Love Me,Demi Lovato,"""Tell Me You Love Me"" by Demi Lovato:
    [Verse 1]
    Oh no, here we go again
    Fighting over what I said
    I'm sorry, yeah I’m sorry
    Bad at love, n..."
26,Despacito,Luis Fonsi & Daddy Yankee Featuring Justin Bieber,"""Google Translate Sings: “Despacito” by Luis Fonsi & Daddy Yankee ft. Justin Bieber"" by MALINDA:
    [Intro]
    Come at me
    Many priests, the good things in there
    Change all conditions in Heaven yes, Ae Ae..."
27,All I Want For Christmas Is You,Mariah Carey,"""All I Want for Christmas Is You"" by Mariah Carey:
    [Intro]
    I-I-I don't want a lot for Christmas
    There is just one thing I need
    I don't care about the p..."
28,Shape Of You,Ed Sheeran,"""Shape of You"" by Ed Sheeran:
    [Verse 1]
    The club isn't the best place to find a lover
    So the bar is where I go
    Me and my friends a..."
29,End Game,Taylor Swift Featuring Ed Sheeran & Future,"""Taylor Swift – End Game (ft. Ed Sheeran & Future) [Deutsche Übersetzung]"" by Genius Deutsche Übersetzungen:
    [Refrain: Taylor Swift & Future]
    Ich will dein Ziel sein
    Ich will deine Nummer eins sein
    Ich will de..."
30,Gucci Gang,Lil Pump,"""Gucci Gang"" by Lil Pump:
    [Intro]
    Yuh, ooh, brr, brr
    Gucci gang, ooh
    (That's it right there, Gnealz)
    Yuh, Lil Pump, yuh
    Gucci ..."
31,There's Nothing Holdin' Me Back,Shawn Mendes,"""There’s Nothing Holdin’ Me Back"" by Shawn Mendes:
    [Verse 1]
    I wanna follow where she goes
    I think about her and she knows it
    I wanna let her take cont..."
32,1-800-273-8255,Logic Featuring Alessia Cara & Khalid,"""Logic – 1-800-273-8255 (feat. Alessia Cara & Khalid) [Deutsche Übersetzung]"" by Genius Deutsche Übersetzungen:
    [Pre-Refrain: Logic]
    Ich bin im Tief gewesen
    Ich hab mir Zeit gelassen
    Ich fühle mich als hab ich me..."
33,Silence,Marshmello Featuring Khalid,"""Silence (Slushii Remix)"" by Marshmello, Khalid & Slushii:
    [Verse 1]
    Yeah, I'd rather be a lover than a fighter
    'Cause all my life, I've been fighting
    Never fe..."
34,Greatest Love Story,LANCO,"""Greatest Love Story"" by LANco:
    [Verse 1]
    They said I was nothing but a troublemaker
    Never up to no good
    You were the perfect All-Am..."
35,How Long,Charlie Puth,"""How Long"" by Charlie Puth:
    [Intro]
    Alright
    Ooh, yeah
    
    [Verse 1]
    I'll admit, I was wrong, what else can I say, girl?
    Can't you b..."
36,A Holly Jolly Christmas,Burl Ives,"""Overture and a holly jolly christmas"" by Burl Ives:
    Have a holly, jolly Christmas;
    It's the best time of the year
    I don't know if there'll be snow
    But h..."
37,Wolves,Selena Gomez X Marshmello,
38,That's What I Like,Bruno Mars,"""That’s What I Like"" by Bruno Mars:
    [Verse 1]
    Hey, hey, hey
    I got a condo in Manhattan
    Baby girl, what's  hatnin'?
    You and your ass invi..."
39,Feel It Still,Portugal. The Man,"""Feel It Still"" by Portugal. The Man:
    [Verse 1]
    Can't keep my hands to myself
    Think I'll dust 'em off, put 'em back up on the shelf
    In cas..."
40,Thunder,Imagine Dragons,"""Thunder"" by Imagine Dragons:
    [Verse 1]
    Just a young gun with a quick fuse
    I was uptight, wanna let loose
    I was dreaming of bigger..."
41,Unforgettable,French Montana Featuring Swae Lee,"""French Montana – Unforgettable (feat. Swae Lee) [Deutsche Übersetzung]"" by Genius Deutsche Übersetzungen:
    [Hook: Swae Lee]
    Es ist nicht gut genug für mich
    Seitdem ich mit dir gewesen bin, ooh
    Es wird nicht ..."
42,Let Me Go,Hailee Steinfeld & Alesso Featuring Florida Georgia Line & Watt,"""Let Me Go"" by Hailee Steinfeld & Alesso:
    [Verse 1: Hailee Steinfeld]
    You made plans and I, I made problems
    We were sleeping back to back
    We k..."
43,Rubbin Off The Paint,YBN Nahmir,"""Rubbin Off the Paint"" by YBN Nahmir:
    [Intro]
    That's what I thought you said
    Now let me offer this as a rebuttal
    Ayy, ayy, gang, gang
    Ayy,..."
44,Plain Jane,A$AP Ferg Featuring Nicki Minaj,"""Plain Jane REMIX"" by A$AP Ferg:
    [Intro: Nicki Minaj & A$AP Ferg]
    Young Money
    Ayo Ferg
    Yeah
    
    [Chorus: A$AP Ferg]
    Ride with the mob, A..."
45,Him & I,G-Eazy & Halsey,"""Him & I"" by G-Eazy & Halsey:
    [Chorus: Halsey]
    Cross my heart, hope to die
    To my lover, I'd never lie
    He said ""be true,"" I swear I..."
46,Love.,Kendrick Lamar Featuring Zacari,"""Kendrick Lamar - LOVE. ft. Zacari (Traducción al Español)"" by Genius Traducciones al Español:
    [Letra de ""Kendrick Lamar - LOVE. ft. Zacari (Traducción al Español)""]
    
    [Intro: Kendrick Lamar]
    Mald..."
47,Too Good At Goodbyes,Sam Smith,"""Too Good at Goodbyes"" by Sam Smith:
    [Verse 1]
    You must think that I'm stupid
    You must think that I'm a fool
    You must think that I'm new ..."
48,Gummo,6ix9ine,"""GUMMO"" by 6IX9INE:
    [Intro]
    Niggas iffy, uh, Blicky got the stiffy, uh
    Got the blicky, uh, drum, it holds fifty, uh
    Scum..."
49,Roll In Peace,Kodak Black Featuring XXXTENTACION,"""Smoke In Peace ( Roll In Peace) Reject Remix ( Kodak Black , XXXtentacion)"" by Anakin artz:
    I can't even smoke in peace
    I can't even go to sleep
    Omg
    I don't even power trip
    This ain't power Bu..."
50,Sky Walker,Miguel Featuring Travis Scott,"""Sky Walker"" by Miguel:
    [Intro: Miguel]
    Quick to dead the bull like a matador
    Quick to dead the bull like a matador
    Bull, bu..."
51,Congratulations,Post Malone Featuring Quavo,"""Post Malone - Congratulations (Türkçe Çeviri)"" by Genius Türkçe Çeviri:
    [Intro: Post Malone]
    Mm-mmm
    Yah, yah
    Mm-mmm
    Yah (hey)
    
    [Chorus: Post Malone]
    Annem aradı, seni telev..."
52,The Christmas Song (Merry Christmas To You),Nat King Cole,"""The Christmas Song (Merry Christmas to You)"" by Nat King Cole:
    Chestnuts roasting on an open fire
    Jack frost nipping at your nose
    Yuletide carols being sung by a c..."
53,Light It Up,Luke Bryan,"""Light It Up"" by Luke Bryan:
    [Verse 1]
    I open my eyes, reach for the phone
    Not a word from you baby
    It don’t leave my sight since..."
54,Young Dumb & Broke,Khalid,"""Young Dumb & Broke"" by Khalid:
    [Verse 1]
    So you're still thinking of me
    Just like I know you should
    I can not give you everything, ..."
55,No Limit,G-Eazy Featuring A$AP Rocky & Cardi B,"""NO LIMIT Ft, K’s-FACTORY (G-Eazy - NO LIMIT feat. A$AP Rocky & Cardi B)"" by T-STONE:
    “Hook (K’s-FACTORY)”
    
    LET's getting ONETIME WE ARE FIHTER
    蹴っちゃげるTWO TIME more rival
    GIVE A FUCK THRE..."
56,I Get The Bag,Gucci Mane Featuring Migos,"""I Get the Bag"" by Gucci Mane:
    [Intro: Gucci Mane, (Quavo), Southside & Future]
    Southside
    Hah, it's Gucci
    It's Drop Top, Wizop, ooh..."
57,Good Old Days,Macklemore Featuring Kesha,"""Good Old Days"" by Macklemore:
    [Chorus: Kesha]
    I wish somebody would have told me, babe
    Someday, these will be the good old days
    Al..."
58,MIC Drop,BTS Featuring Desiigner,"""MIC Drop (Steve Aoki Remix) [Desiigner Remix]"" by BTS:
    [Intro: Desiigner]
    Git, git, brrra, git, git
    Damn, son, where'd you get that from?
    Git, git, hey, br..."
59,Dusk Till Dawn,Zayn Featuring Sia,"""Excerpt from Dusk Till Dawn (feat. Sia) by ZAYN"" by ZAYN:
    [Snippet]
    Not tryna be indie
    Not tryna be cool
    Just tryna be in this
    Tell me, are you too?
    Can you f..."
60,Krippy Kush,"Farruko, Nicki Minaj, Bad Bunny, 21 Savage & Rvssian","""Farruko, Nicki Minaj & Bad Bunny - Krippy Kush (Remix) ft. 21 Savage & Rvssian (Traducción al Español)"" by Genius Traducciones al Español:
    [Letra de ""Krippy Kush (Remix)"" ft. 21 Savage & Rvssian (Traducción en Español)]
    
    [Intro: Nicki Mina..."
61,Codeine Dreaming,Kodak Black Featuring Lil Wayne,"""Codeine Dreaming"" by Kodak Black:
    [Intro: Kodak Black]
    Yeah, yeah, yeah
    I take that one all the way up
    I'm about to take off on these ..."
62,Transportin',Kodak Black,"""Transportin’"" by Kodak Black:
    [Intro]
    Pockets so fat, call me orbit
    Norbit, I mean
    Ain't gotta wait to make no moves 'cause I be l..."
63,Criminal,Natti Natasha x Ozuna,"""My Top Songs & Albums of 2017"" by Brendan Frederick:
    THE 25 BEST SONGS OF 2017
    
    1. Lil Uzi Vert ""XO Tour LIif3""
    2. SZA feat. Travis Scott ""Love Galore""
    3..."
64,When It Rains It Pours,Luke Combs,"""When It Rains It Pours"" by Luke Combs:
    [Verse 1]
    Sunday morning man
    She woke up fightin' mad
    Bitchin' and moanin' on and on
    'Bout the time ..."
65,Look What You Made Me Do,Taylor Swift,"""Look What You Made Me Do"" by Taylor Swift:
    [Verse 1]
    I don't like your little games
    Don't like your tilted stage
    The role you made me play
    Of t..."
66,Love So Soft,Kelly Clarkson,"""Love So Soft"" by Kelly Clarkson:
    [Verse 1]
    Hey
    Every kiss is a door
    Can I knock on yours? Can we knock a little more?
    If your touch i..."
67,Candy Paint,Post Malone,"""Candy Paint"" by Post Malone:
    [Intro]
    Yeah, yeah
    Mmm, ayy
    
    [Chorus]
    Candy paint with the white on top
    Lambo doors are the oo-op dr..."
68,When We,Tank,"""When We"" by Tank:
    [Intro]
    When we
    When we
    Mmm
    When we
    Go
    
    [Verse 1]
    I like it when you lose it
    I like it when you go t..."
69,Sauce It Up,Lil Uzi Vert,"""Sauce It Up"" by Lil Uzi Vert:
    [Intro]
    Sauce it up, ayy, sauce it up, ayy
    Sauce it up, ayy, goin' numb
    Um
    Where you from, ayy, thro..."
70,Juice,Yo Gotti,"""Juice"" by Yo Gotti:
    [Intro]
    It's another one
    
    [Chorus]
    I got that juice
    New AP
    She got that juice (ju-juice)
    She got tha..."
71,Side To Side,Ariana Grande Featuring Nicki Minaj,"""Side To Side"" by Ariana Grande:
    [Intro: Ariana Grande & Nicki Minaj]
    I've been here all night (Ariana)
    I've been here all day (Nicki..."
72,Lights Down Low,MAX Featuring gnash,"""Lights Down Low (Remix)"" by MAX:
    [Verse 1: MAX]
    Heaven only knows where you've been
    But I don't really need to know
    I know where you'..."
73,Pick It Up,Famous Dex Featuring A$AP Rocky,"""PICK IT UP"" by Famous Dex:
    [Intro: Famous Dex]
    Hey yo, big bro, you fucking with that?
    Ha, okay cool
    Good job, 1st
    That's my fu..."
74,I Could Use A Love Song,Maren Morris,"""I Could Use A Love Song"" by Maren Morris:
    [Verse 1]
    Usually a drink will do the trick
    Take the edge off quick, sitting in the dark
    With a shar..."
75,Lemon,N*E*R*D & Rihanna,"""Radio Hamburg TOP 825"" by Radio Hamburg:
    825 ALL NIGHT – PAROV STELAR
    824 BIG JET PLANE – ANGUS & JULIA STONE
    823 SWINGS BOTH WAYS – ROBBIE W..."
76,Jocelyn Flores,XXXTENTACION,"""Jocelyn Flores"" by XXXTENTACION:
    [Intro: Shiloh Dynasty]
    I know you so well, so well
    I mean, I can do anything that he can
    I've been ..."
77,Ask Me How I Know,Garth Brooks,"""Ask Me How I Know"" by Garth Brooks:
    You're stubborn as they come, you'll never settle down
    You'll always be the one who doesn't stick ar..."
78,Yours,Russell Dickerson,"""Yours"" by Russell Dickerson:
    [Verse 1]
    I was a boat stuck in a bottle
    That never got the chance to touch the sea
    Just forgot on t..."
79,The Race,Tay-K,"""The Race"" by Tay-K:
    [Intro]
    I-I-I'm Lil Tay-K, I don't think you want no action (Gang, gang)
    You want action, you get tu..."
80,Ghostface Killers,"21 Savage, Offset & Metro Boomin Featuring Travis Scott","""Ghostface Killers"" by 21 Savage, Offset & Metro Boomin:
    [Intro: Young Thug]
    Metro Boomin want some more, nigga
    
    [Chorus: Offset]
    Automatic (Auto), automatic..."
81,Kooda,6ix9ine,"""KOODA"" by 6IX9INE:
    [Intro]
    Scum Gang!
    
    [Chorus]
    Niggas runnin' out they mouth, but they never pop out
    I got the drop on..."
82,Written In The Sand,Old Dominion,"""Written In the Sand"" by Old Dominion:
    [Verse 1]
    Turn me on turn me off then you turn me back on by the weekend
    And you won’t say the words..."
83,Bella y Sensual,Romeo Santos Featuring Nicky Jam & Daddy Yankee,"""Bella y Sensual"" by Romeo Santos:
    [Letra de ""Bella y Sensual"" ft. Nicky Jam & Daddy Yankee]
    
    [Intro]
    Hola mi amor, vengo acompañado
    DY..."
84,Let Me Love You,DJ Snake Featuring Justin Bieber,"""Let Me Love You"" by DJ Snake:
    [Verse 1: Justin Bieber]
    I used to believe
    We were burnin' on the edge of somethin' beautiful
    Someth..."
85,Betrayed,Lil Xan,"""Betrayed"" by Lil Xan:
    [Intro]
    (Psh) Yeah, yeah, yeah
    (Huh? Ayy)
    Hmm, ayy, ayy
    Huh, hmm, ayy, ayy; huh, hmm, ayy, ayy
    Hmm, ..."
86,Starboy,The Weeknd Featuring Daft Punk,"""The Weeknd - Starboy ft. Daft Punk (Traducción al Español)"" by Genius Traducciones al Español:
    [Letra de ""The Weeknd - Starboy ft. Daft Punk (Traducción al Español)""]
    
    [Verso 1]
    Estoy tratando de..."
87,Don't Wanna Know,Maroon 5 Featuring Kendrick Lamar,"""Don’t Wanna Know"" by Maroon 5:
    [Intro]
    Oh, hey
    Oh, oh hey
    Oh, oh, oh hey
    Uh oh, uh oh
    
    [Chorus: Adam Levine]
    I don't wanna know, kn..."
88,Fuck Love,XXXTENTACION Featuring Trippie Redd,"""FUCK LOVE (SPANiSH REMiX) XXXTENTACiON TRiPPiE REDD"" by YUNGLiAN MEDiOCRE BROKE BOi:
    [Chorus]
    
    Te necesito vuelve ya, vuelve ya!
    Babygirl porque siempre te vas? vuelve ya!
    Te necesito v..."
89,Echame La Culpa,Luis Fonsi & Demi Lovato,"""Échame La Culpa (Not On You Remix)"" by Luis Fonsi & Demi Lovato:
    [Intro: Demi Lovato & Luis Fonsi]
    Hey Fonsi?
    Oh no
    ¿Qué pasa Demi?
    Hey, yeah
    
    [Verse: Luis Fonsi & D..."
90,Like I Loved You,Brett Young,"""Like I Loved You"" by Brett Young:
    [Verse 1]
    Would've thought you wrote down every word
    Goodbye spelled out like it had been rehearsed
    ..."
91,Too Much To Ask,Niall Horan,"""Too Much to Ask"" by Niall Horan:
    [Verse 1]
    Waiting here for someone
    Only yesterday, we were on the run
    You smile back at me and your ..."
92,Faking It,Calvin Harris Featuring Kehlani & Lil Yachty,"""Faking It"" by Calvin Harris:
    [Verse 1: Kehlani]
    Pray to God, but I'm feeling like he's going deaf
    Now when I lean on you and I go..."
93,Wanted You,NAV Featuring Lil Uzi Vert,"""NAV - Wanted You (feat. Lil Uzi Vert) [Deutsche Übersetzung]"" by Genius Deutsche Übersetzungen:
    [Intro: Lil Uzi Vert & Mädchen]
    Wo bist du?
    Bei mir zuhause
    Lass mich diesen Arsch sehen
    Wie bitte?
    ..."
94,Bad Things,Machine Gun Kelly x Camila Cabello,"""Camila Cabello Talks Solo Music, Life After Fifth Harmony"" by Billboard:
    CABELLO KICKED OFF HER SOLO CAREER AND HER BAND SISTERS IN FIFTH HARMONY UNEXPECTEDLY DENOUNCED HER ..."
95,Unforgettable,Thomas Rhett,"""Unforgettable"" by Thomas Rhett:
    [Verse 1]
    It was the 14th of October
    Had that t-shirt off your shoulder
    I was drunk, said I was sobe..."
96,Mayores,Becky G Featuring Bad Bunny,"""Mayores"" by Becky G.:
    [Letra de ""Mayores"" ft. Bad Bunny]
    
    [Intro: Becky G]
    Whoah oh, oh, oh
    Oh, oh, oh
    Whoah oh, oh
    
    [Vers..."
97,I'll Name The Dogs,Blake Shelton,"""I’ll Name the Dogs"" by Blake Shelton:
    [Verse 1]
    Girl, it's high time I tell ya
    No more messin' around
    Time to lay these cards on the table..."
98,Marry Me,Thomas Rhett,"""Marry Me"" by Thomas Rhett:
    [Verse 1]
    She wants to get married, she wants it perfect
    She wants her granddaddy preaching the serv..."
99,Broken Halos,Chris Stapleton,"""Broken Halos"" by Chris Stapleton:
    [Refrain]
    Seen my share of broken halos
    Folded wings that used to fly
    They've all gone wherever they..."
100,Losing Sleep,Chris Young,"""Losing Sleep"" by Chris Young:
    [Verse 1]
    Light a candle
    Turn all the lights down low
    Baby, let's just lose control, lose control
    I ..."
101,You Broke Up With Me,Walker Hayes,"""You Broke Up with Me"" by Walker Hayes:
    [Verse 1]
    Well, I got some Coke in my bourbon
    Surfin' the room like Swazye
    No, I ain't drunk, I'm am..."
102,Black Beatles,Rae Sremmurd Featuring Gucci Mane,"""Black Beatles"" by Rae Sremmurd:
    [Intro: Swae Lee & Gucci Mane]
    Black Beatles in the city
    Be back immediately to confiscate the money..."
103,Round Here Buzz,Eric Church,"""Round Here Buzz"" by Eric Church:
    [Verse 1]
    Another Friday night there's a line of cars leavin'
    Home team's got an out-of-towner
    Me, I..."
104,Five More Minutes,Scotty McCreery,"""Five More Minutes"" by Scotty McCreery:
    [Verse 1]
    Eight years old a couple cane poles sitting down by the creek
    Our lines in the water watch..."
105,All On Me,Devin Dawson,"""All On Me"" by Devin Dawson:
    [Verse 1]
    Yeah I know that the woes and the weight of the world
    Can get in side our minds and be too..."
106,Bad And Boujee,Migos Featuring Lil Uzi Vert,"""Bad and Boujee"" by Migos:
    [Intro: Offset]
    You know, young rich niggas
    You know, so we ain't really never had no old money
    We g..."
107,Jingle Bell Rock,Bobby Helms,"""Jingle Bell Rock"" by Bobby Helms:
    Jingle bell, jingle bell, jingle bell rock
    Jingle bells swing and jingle bells ring
    Snowin' and blow..."
108,Fake Love,Drake,"""Fake Love"" by Drake:
    [Chorus]
    I've been down so long, it look like up to me
    They look up to me
    I got fake people showin' ..."
109,Closer,The Chainsmokers Featuring Halsey,"""Closer (The Chainsmokers & Halsey Cover)"" by Boyce Avenue:
    [Verse 1]
    Hey, I was doing just fine before I met you
    I drink too much
    And that's an issue, but I'm ..."
110,Cheap Thrills,Sia Featuring Sean Paul,"""Cheap Thrills (Remix)"" by Sia:
    [Intro: Sean Paul]
    Up with it girl
    Rock with it girl
    Show dem it girl (Bada bang bang)
    Bounce with i..."
111,Bounce Back,Big Sean,"""Bounce Back"" by Big Sean:
    [Intro: Future]
    Hitmaka
    If Young Metro don't trust you, I'm gon' shoot you
    
    [Chorus: Big Sean]
    Last ..."
112,X,21 Savage & Metro Boomin Featuring Future,"""21 Savage & Metro Boomin - X ft. Future (Traducción al Español)*"" by Genius Traducciones al Español:
    [Letra de ""21 Savage & Metro Boomin - X ft. Future (Traducción al Español)""]
    
    [Intro: 21 Savage]
    Die..."
113,Scars To Your Beautiful,Alessia Cara,"""Scars to Your Beautiful"" by Alessia Cara:
    [Verse 1]
    She just wants to be beautiful
    She goes unnoticed, she knows no limits
    She craves attentio..."
114,No Heart,21 Savage & Metro Boomin,"""No Heart"" by 21 Savage & Metro Boomin:
    [Intro]
    Southside, Southside on the, Southside on the, hey
    Metro Boomin want some more, nigga
    
    [Chor..."
115,This Town,Niall Horan,"""This Town"" by Niall Horan:
    [Verse 1]
    Waking up to kiss you and nobody’s there
    The smell of your perfume still stuck in the air
    ..."
116,The Greatest,Sia Featuring Kendrick Lamar,"""The Greatest"" by Sia:
    [Verse 1: Sia]
    Uh-oh, runnin' out of breath, but I
    Oh, I, I got stamina
    Uh-oh, running now, I close ..."
117,24K Magic,Bruno Mars,"""24K Magic"" by Bruno Mars:
    [Intro]
    Tonight
    I just want to take you higher
    Throw your hands up in the sky
    Let's set this party o..."
118,Broccoli,D.R.A.M. Featuring Lil Yachty,"""Chris Brown - Party|Lil Yachty - 1Night|DRAM - Broccoli| Kehlani - Crzy| Ar’mon And Trey MASHUP"" by Ar’mon & Trey:
    [1Night - Lil Yachty]:
    I know you want this for life,
    Taking pictures with all my ice
    But I can't ha..."
119,Feliz Navidad,Jose Feliciano,"""Feliz Navidad"" by José Feliciano:
    [Letra de ""Feliz Navidad""]
    
    [Estribillo]
    Feliz Navidad
    Feliz Navidad
    Feliz Navidad
    Próspero año y fe..."
120,In The Name Of Love,Martin Garrix & Bebe Rexha,"""In the Name of Love"" by Martin Garrix & Bebe Rexha:
    [Verse 1: Bebe Rexha]
    If I told you this was only gonna hurt
    If I warned you that the fire's gonna b..."
121,Neighbors,J. Cole,"""Neighbors"" by J. Cole:
    [Intro]
    I guess the neighbors think I'm sellin' dope, sellin' dope
    Okay, the neighbors think I'm sel..."
122,Caroline,Amine,"""Caroline"" by Aminé:
    [Intro]
    Listen man
    What's up?
    I heard you done got you a dime piece, man
    Hell naw, man
    One of them B..."
123,Used To This,Future Featuring Drake,"""Used to This"" by Future:
    [Intro]
    Zaytoven
    
    [Chorus: Future]
    Mexicano, working like I'm Mexicano
    New persona, we're moving on ..."
124,Cold Water,Major Lazer Featuring Justin Bieber & MO,"""Cold Water (feat. Justin Bieber & MØ) (Ocular Remix)"" by Major Lazer:
    [Verse 1: Justin Bieber]
    Everybody gets high sometimes, you know
    What else can we do when we're feel..."
125,Juju On That Beat (TZ Anthem),Zay Hilfigerrr & Zayion McCall,"""JuJu On That Beat (TZ Anthem)"" by Zay Hilfigerrr:
    [Intro: Grandmother]
    Do that one dance baby
    That, that one dance
    Yeah, oh
    You don't know how to do t..."
126,Starving,Hailee Steinfeld & Grey Featuring Zedd,"""Starving"" by Hailee Steinfeld & Grey:
    [Verse 1]
    You know just what to say, things that scare me
    I should just walk away, but I can't move ..."
127,"Mary, Did You Know?",Pentatonix,"""Mary, Did You Know?"" by Pentatonix:
    [Scott]
    Mary did you know that your baby boy will one day walk on water?
    [Avi]
    Mary did you know tha..."
128,I Hate U I Love U,gnash Featuring Olivia O'Brien,"""​i​ hate u, i love u"" by ​gnash:
    [Verse 1: Olivia O'Brien]
    Feeling used, but I'm
    Still missing you and I can't
    See the end of this
    Ju..."
129,I Don't Wanna Live Forever (Fifty Shades Darker),Zayn / Taylor Swift,"""New Music Friday 12/16/16"" by Spotify:
    Zayn & Taylor Swift - I Don't Wanna Live Forever (Fifty Shades Darker)
    Steve Aoki & Louis Tomlinson ..."
130,Heathens,twenty one pilots,"""Heathens"" by ​twenty one pilots:
    [Chorus]
    All my friends are heathens, take it slow (in the city, boy, in the city)
    Wait for them to ..."
131,May We All,Florida Georgia Line Featuring Tim McGraw,"""May We All"" by Florida Georgia Line:
    [Verse 1: Florida Georgia Line]
    May we all get to grow up in a red, white, and blue little town
    Get ..."
132,Chill Bill,Rob $tone Featuring J. Davi$ & Spooks,"""Chill Bill"" by Rob $tone:
    [Verse 1: Rob $tone]
    Rob $tone, two damn phones
    Babylons can't crack the code (no)
    Used to sip out s..."
133,How Far I'll Go,Auli'i Cravalho,"""How Far I’ll Go"" by Walt Disney Records:
    [Verse 1]
    I've been staring at the edge of the water
    Long as I can remember, never really knowing wh..."
134,Hallelujah,Pentatonix,"""Hallelujah"" by Pentatonix:
    [Verse 1: Scott]
    I’ve heard there was a secret chord
    That David played and it pleased the Lord
    But y..."
135,Party Monster,The Weeknd,"""Party Monster"" by The Weeknd:
    [Refrain: The Weeknd]
    I'm good, I'm good, I'm great
    Know it's been a while, now I'm mixing up the dr..."
136,Can't Stop The Feeling!,Justin Timberlake,"""CAN’T STOP THE FEELING!"" by Justin Timberlake:
    [Verse 1]
    I got this feeling inside my bones
    It goes electric, wavey when I turn it on
    All through m..."
137,Say You Won't Let Go,James Arthur,"""Say You Won’t Let Go"" by James Arthur:
    [Verse 1]
    I met you in the dark
    You lit me up
    You made me feel as though
    I was enough
    We danced the ..."
138,OOOUUU,Young M.A,"""OOOUUU"" by Young M.A:
    [Intro]
    Yo, bro, I think I had too much Hennessy, man
    This Hennessy gettin' to me
    I ain't gonna lie,..."
139,1 Night,Lil Yachty,"""1Night"" by Lil Yachty:
    [Hook]
    I know you want this for life
    Taking pictures with all my ice
    But I can't have no wife
    I just..."
140,Do You Mind,"DJ Khaled Featuring Nicki Minaj, Chris Brown, August Alsina, Jeremih, Future & Rick Ross","""Do You Mind"" by DJ Khaled:
    [Intro: DJ Khaled]
    Another one
    We The Best Music!
    
    [Verse 1: Nicki Minaj]
    Yo, he ain't messin' with ..."
141,Love Me Now,John Legend,"""Love Me Now"" by John Legend:
    [Verse 1]
    Pulling me further, further than I've been before
    Making me stronger, shaking me right to ..."
142,Blue Ain't Your Color,Keith Urban,"""Blue Ain’t Your Color"" by Keith Urban:
    [Verse 1]
    I can...
    See you over there starin' at your drink
    Watchin' that ice sink, all alone tonigh..."
143,All Time Low,Jon Bellion,"""All Time Low"" by Jon Bellion:
    [Verse 1]
    I was the knight in shining armor in your movie
    Would put your lips on mine and love the a..."
144,Wanna Be That Song,Brett Eldredge,"""Wanna Be That Song"" by Brett Eldredge:
    [Verse 1]
    The radio and a sundress
    Making my world all a mess
    Back corner of a cornfield
    Bottle tops..."
145,Last Christmas,Wham!,"""Last Christmas"" by Wham!:
    [Intro]
    Ah, aha
    Ooh, ohh
    Ohh
    
    [Chorus]
    Last Christmas, I gave you my heart
    But the very next day you..."
146,Love On The Brain,Rihanna,"""Love on the Brain"" by Rihanna:
    [Verse 1]
    And you got me like, ""Oh, what you want from me?""
    (What you want from me?)
    And I tried to ..."
147,Redbone,Childish Gambino,"""Redbone"" by Childish Gambino:
    [Verse 1]
    Daylight
    I wake up feeling like you won't play right
    I used to know, but now that shit don..."
148,Don't Let Me Down,The Chainsmokers Featuring Daya,"""Don’t Let Me Down"" by The Chainsmokers:
    [Verse 1]
    Crashing, hit a wall
    Right now I need a miracle
    Hurry up now, I need a miracle
    Stranded, r..."
149,Party,Chris Brown Featuring Usher & Gucci Mane,"""Party"" by Chris Brown:
    [Intro: Usher & Chris Brown]
    Oh, hey
    Yeah, it's Breezy
    Yeah, yeah, yeah
    
    [Chorus: Chris Brown]
    Pull ..."
150,I Feel It Coming,The Weeknd Featuring Daft Punk,"""I Feel It Coming"" by The Weeknd:
    [Intro: The Weeknd]
    Yeah, uh
    
    [Verse 1: The Weeknd]
    Tell me what you really like
    Baby, I can take my..."
151,Too Much Sauce,DJ ESCO Featuring Future & Lil Uzi Vert,"""Too Much Sauce"" by DJ Esco:
    [Intro: DJ Esco + Future]
    DJ Esco, Lil Uzi Vert, Future
    That's too much sauce
    That's too much sauce
    ..."
152,Sneakin',Drake Featuring 21 Savage,"""Sneakin’"" by Drake:
    [Intro: Drake & Skooly]
    Yeah
    We got London On Da Track
    
    [Verse 1: Drake]
    This is all God's doin', ma..."
153,Water Under The Bridge,Adele,"""Water Under the Bridge"" by Adele:
    [Verse 1]
    If you're not the one for me
    Then how come I can bring you to your knees?
    If you're not th..."
154,Pick Up The Phone,Young Thug And Travis Scott Featuring Quavo,"""Pick Up the Phone"" by Young Thug & Travis Scott:
    [Intro: Young Thug & Starrah]
    Yaaah, oh, yaaah, uhh
    Ooooh, Thugger
    Yeah, Travis Scott
    Thugger, Thugg..."
155,Both,Gucci Mane Featuring Drake,"""Both"" by Gucci Mane:
    [Intro: Southside & Future]
    Southside
    If Young Metro don't trust you, I'm gon' shoot you
    
    [Verse 1: ..."
156,Immortal,J. Cole,"""Immortal"" by J. Cole:
    [Intro]
    Awwwww...haha
    
    [Verse 1]
    Now I was barely seventeen with a pocket full of hope
    Screamin' ""do..."
157,Deja Vu,J. Cole,"""Deja Vu"" by J. Cole:
    [Intro]
    Huh, ayy, put a finger in the sky if you want it, nigga
    Ayy, put two fingers in the sky if y..."
158,Unsteady,X Ambassadors,"""Unsteady"" by X Ambassadors:
    [Intro]
    Hold, hold on, hold on to me
    'Cause I'm a little unsteady, a little unsteady
    Hold, hold on, ..."
159,You Was Right,Lil Uzi Vert,"""You Was Right"" by Lil Uzi Vert:
    [Intro]
    Hit it from the back, watch a nigga bless you
    If Young Metro don't trust you I'm gon' shoot ..."
160,Better Man,Little Big Town,"""Better Man"" by Little Big Town:
    [Verse 1]
    I know I’m probably better off on my own
    Than lovin' a man who didn’t know
    What he had whe..."
161,Treat You Better,Shawn Mendes,"""Treat You Better"" by Shawn Mendes:
    [Verse 1]
    I won't lie to you
    I know he's just not right for you
    And you can tell me if I'm off
    But I..."
162,Make Me (Cry),Noah Cyrus Featuring Labrinth,"""Make Me (Cry)"" by Noah Cyrus:
    [Chorus: Noah Cyrus & Labrinth + Both]
    I never needed you like I do right now
    I never needed you lik..."
163,How Far I'll Go,Alessia Cara,"""How Far I’ll Go"" by Alessia Cara:
    [Verse 1]
    I've been staring at the edge of the water
    Long as I can remember, never really knowing wh..."
164,Reminder,The Weeknd,"""Reminder"" by The Weeknd:
    [Verse 1]
    Record man play my song on the radio
    You too busy tryna find that blue-eyed soul
    I let my ..."
165,Million Reasons,Lady Gaga,"""Million Reasons"" by Lady Gaga:
    [Verse 1]
    You're giving me a million reasons to let you go
    You're giving me a million reasons to qui..."
166,Sleep Without You,Brett Young,"""Sleep Without You"" by Brett Young:
    [Intro]
    Oh, babe
    
    [Verse 1]
    Never thought I would be like this
    Wide awake waitin' on a goodnight kis..."
167,Chantaje,Shakira Featuring Maluma,"""Chantaje"" by Shakira:
    [Letra de ""Chantaje"" ft. Maluma]
    
    [Verso 1: Maluma]
    Cuando estás bien te alejas de mí
    Te sientes sol..."
168,Mercy,Shawn Mendes,"""Mercy"" by Shawn Mendes:
    [Verse 1]
    You've got a hold on me
    Don't even know your power
    I stand a hundred feet
    But I fall when ..."
169,Star Of The Show,Thomas Rhett,"""Star of the Show"" by Thomas Rhett:
    [Verse 1]
    Walking down the street, hand in mine
    It don't keep them other guys
    And their wandering ey..."
170,All We Know,The Chainsmokers Featuring Phoebe Ryan,"""All We Know"" by The Chainsmokers:
    [Verse 1: Phoebe Ryan & Andrew Taggart]
    Fighting flames with fire
    Hang onto burning wires
    We don't c..."
171,A Guy With A Girl,Blake Shelton,"""A Guy With a Girl"" by Blake Shelton:
    [Verse 1]
    Sometimes I'm the guy with the boys kicking it back
    Or the guy with a guitar singing on a ..."
172,Thinking Out Loud,Ed Sheeran,"""Thinking Out Loud"" by Ed Sheeran:
    [Verse 1]
    When your legs don't work like they used to before
    And I can't sweep you off of your feet
    ..."
173,She's Mine Pt.1,J. Cole,"""Hip-Hop’s Greatest Singles By Year"" by Ego Trip Magazine:
    1979
    
    1. Sugarhill Gang ""Rapper's Delight"" (Sugarhill)
    2. Grandmaster Flash & the Furious 5 ""Superra..."
174,Play That Song,Train,"""Play That Song"" by Train:
    [Chorus]
    Play that song
    The one that makes me go all night long
    The one that makes me think of you
    T..."
175,Dirty Laundry,Carrie Underwood,"""Dirty Laundry"" by Carrie Underwood:
    [Verse 1]
    That lipstick on your collar, well, it ain't my shade of pink
    And I can tell by the smell ..."
176,HandClap,Fitz And The Tantrums,"""HandClap"" by Fitz and the Tantrums:
    [Intro]
    Turn it up
    
    [Verse 1]
    Somebody save your soul 'cause you've been sinnin' in this city, I kno..."
177,Just Hold On,Steve Aoki & Louis Tomlinson,"""Just Hold On"" by Steve Aoki & Louis Tomlinson:
    [Verse 1: Louis Tomlinson]
    Wish that you could build a time machine
    So you could see
    The things no o..."
178,Take Me To Church,Hozier,"""Take Me to Church"" by Hozier:
    [Produced by Hozier and Rob Kirwan]
    
    [Video directed by Brendan Canty and Conal Thomson]
    
    [Verse 1]
    ..."
179,Change,J. Cole,"""Change"" by J. Cole:
    [Intro: J. Cole]
    My intuition is telling me there'll be better days, yeah
    My intuition is telling me..."
180,Sidewalks,The Weeknd Featuring Kendrick Lamar,"""Sidewalks"" by The Weeknd:
    [Intro: The Weeknd]
    Uh, uh, uh, uh-uh, uh, yeah, like
    
    [Verse 1: The Weeknd]
    I ran out of tears when..."
181,Ville Mentality,J. Cole,"""Ville Mentality"" by J. Cole:
    [Hook]
    How long can I survive with this mentality?
    How long can I survive with this mentality?
    Thing..."
182,How I'll Always Be,Tim McGraw,"""How I’ll Always Be"" by Tim McGraw:
    [Verse 1]
    I'm a little more beer bottle beer joint than a fancy bar
    I'm a little more sitting up hig..."
183,Blank Space,Taylor Swift,"""Blank Space"" by Taylor Swift:
    [Verse 1]
    Nice to meet you, where you been?
    I could show you incredible things
    Magic, madness, heave..."
184,Song For Another Time,Old Dominion,"""Song for Another Time"" by Old Dominion:
    [Verse 1]
    Right now we both know
    We're Marina Del Ray
    Planes gonna fly away
    And you'll be on it
    And ..."
185,Dirt On My Boots,Jon Pardi,"""Dirt On My Boots"" by Jon Pardi:
    [Verse 1]
    Been up since the crack of dawn
    Just trying to get paid
    Been hotter than a hundred suns
    I ..."
186,Shake It Off,Taylor Swift,"""Shake It Off"" by Taylor Swift:
    [Video directed by Mark Romanek]
    
    [Verse 1]
    I stay out too late
    Got nothing in my brain
    That's what ..."
187,Foldin Clothes,J. Cole,"""Foldin Clothes"" by J. Cole:
    [Intro]
    Hey, hey
    Hey, hey
    Hey, hey
    
    [Hook]
    I wanna fold clothes for you
    I wanna make you feel good
    B..."
188,Rockabye,Clean Bandit Featuring Sean Paul & Anne-Marie,"""Clean Bandit - Rockabye ft. Sean Paul & Anne-Marie"" by DJ Shadow:
    Call it love and devotion
    Call it a mom's adoration
    Foundation
    A special bond of creation,
    Ha
    
    For a..."
189,OTW,DJ Luke Nasty,"""OTW"" by DJ Luke Nasty:
    [Intro]
    Wait
    Three
    Whoo
    Uh
    
    [Hook]
    Doing 80 in a 60 fuck a ticket
    'Cause I ain't had that pussy in a..."
190,Selfish,PnB Rock,"""Selfish"" by PnB Rock:
    [Intro]
    I want you all to myself
    You don't need nobody else
    I want you all to myself, I swear yeah
    O..."
191,Swang,Rae Sremmurd,"""Swang"" by Rae Sremmurd:
    [Intro]
    Mmm boy, it's nasty (uh)
    Uhmm
    Know some young niggas like to swang (Yeah, uhmm)
    Know some yo..."
192,Alone,Marshmello,"""Alone"" by Marshmello:
    [Verse]
    I'm so alone, nothing feels like home
    I'm so alone, trying to find my way back home to you
    I..."
193,Red Opps,21 Savage,"""Red Opps"" by 21 Savage:
    [Intro]
    Yeah, Yeah, Yeah
    I pull up roll the window down and
    (pop pop pop pop pop)
    I pull up roll the..."
194,You're Welcome,Dwayne Johnson,"""You’re Welcome"" by Dwayne “The Rock” Johnson:
    [Verse 1]
    Okay, okay, I see what's happening here
    You're face-to-face with greatness and it's strang..."
195,Versace On The Floor,Bruno Mars,"""Versace on the Floor"" by Bruno Mars:
    [Verse 1]
    Let's take our time tonight, girl
    Above us all the stars are watchin'
    There's no place I'd..."
196,Fresh Eyes,Andy Grammer,"""Fresh Eyes"" by Andy Grammer:
    [Verse 1]
    I got these fresh eyes, never seen you before like this
    My God, you're beautiful
    It's like..."
197,For Whom The Bell Tolls,J. Cole,"""For Whom the Bell Tolls"" by J. Cole:
    [Intro]
    I see the, I see the—
    I see the, I see the—
    I see the rain
    Pouring down
    Before my very eyes
    ..."
198,Uptown Funk!,Mark Ronson Featuring Bruno Mars,"""Uptown Funk"" by Mark Ronson:
    [Verse 1: Bruno Mars]
    This hit, that ice cold
    Michelle Pfeiffer, that white gold
    This one, for them ..."
199,Six Feet Under,The Weeknd,"""Six Feet Under"" by The Weeknd:
    [Verse 1: The Weeknd]
    Ask around about her
    She don't get emotional
    Kill off all her feelings
    That's ..."
